{"cameraMode":{"drawMode":0,"name":"Shaded","section":"Shading Mode"},"sceneLighting":true,"audioPlay":false,"sceneViewState":{"m_AlwaysRefresh":false,"showFog":true,"showSkybox":true,"showFlares":true,"showImageEffects":true,"showParticleSystems":true,"showVisualEffectGraphs":true,"m_FxEnabled":true},"in2DMode":false,"pivot":{"x":142.1260986328125,"y":34.246856689453128,"z":-10.647568702697754},"rotation":{"x":0.11795488744974137,"y":0.0011851777089759708,"z":-0.0007416263688355684,"w":0.9933046102523804},"size":36.68448257446289,"orthographic":true}