{"cameraMode":{"drawMode":0,"name":"Shaded","section":"Shading Mode"},"sceneLighting":true,"audioPlay":false,"sceneViewState":{"m_AlwaysRefresh":false,"showFog":true,"showSkybox":true,"showFlares":true,"showImageEffects":true,"showParticleSystems":true,"showVisualEffectGraphs":true,"m_FxEnabled":true},"in2DMode":false,"pivot":{"x":91.69386291503906,"y":43.492374420166019,"z":-26.277624130249025},"rotation":{"x":-0.05612973868846893,"y":-0.2686377167701721,"z":0.015293885953724385,"w":-0.9616669416427612},"size":33.822505950927737,"orthographic":true}